top_speed_kmh,battery_capacity_kWh,battery_type,number_of_cells,torque_nm,efficiency_wh_per_km,range_km,acceleration_0_100_s,fast_charging_power_kw_dc,fast_charge_port,towing_capacity_kg,cargo_volume_l,seats,drivetrain,segment,length_mm,width_mm,height_mm,car_body_type
155,37.8,Lithium-ion,192.0,235.0,156,225,7.0,67.0,CCS,0.0,185.0,4,FWD,B - Compact,3673,1683,1518,Hatchback
155,37.8,Lithium-ion,192.0,235.0,149,225,7.0,67.0,CCS,0.0,185.0,4,FWD,B - Compact,3673,1683,1518,Hatchback
200,50.8,Lithium-ion,102.0,345.0,158,280,5.9,79.0,CCS,0.0,360.0,5,FWD,JB - Compact,4187,1779,1557,SUV
200,50.8,Lithium-ion,102.0,345.0,158,280,6.2,79.0,CCS,0.0,360.0,5,FWD,JB - Compact,4187,1779,1557,SUV
150,60.0,Lithium-ion,216.0,310.0,156,315,7.5,78.0,CCS,1000.0,496.0,5,FWD,JC - Medium,4680,1865,1700,SUV
160,60.0,Lithium-ion,216.0,315.0,150,350,7.0,78.0,CCS,1000.0,472.0,5,FWD,JC - Medium,4805,1880,1641,SUV
150,50.8,Lithium-ion,102.0,260.0,128,320,9.0,85.0,CCS,0.0,400.0,5,FWD,JB - Compact,4173,1781,1532,SUV
200,50.8,Lithium-ion,102.0,345.0,164,310,6.0,85.0,CCS,0.0,400.0,5,FWD,JB - Compact,4173,1781,1505,SUV
160,52.0,Lithium-ion,184.0,285.0,138,310,7.4,70.0,CCS,500.0,326.0,5,FWD,B - Compact,3997,1823,1512,Hatchback
170,52.0,Lithium-ion,184.0,300.0,144,305,6.4,70.0,CCS,500.0,326.0,5,FWD,B - Compact,3997,1823,1512,Hatchback
210,75.8,Lithium-ion,150.0,435.0,146,465,6.0,150.0,CCS,2100.0,502.0,5,RWD,JE - Executive,4928,1923,1455,Station/Estate
210,94.9,Lithium-ion,180.0,565.0,151,575,5.4,200.0,CCS,2100.0,502.0,5,RWD,JE - Executive,4928,1923,1455,Station/Estate
210,94.9,Lithium-ion,180.0,855.0,157,560,4.5,200.0,CCS,2100.0,502.0,5,AWD,JE - Executive,4928,1923,1455,Station/Estate
210,75.8,Lithium-ion,150.0,435.0,136,495,6.0,150.0,CCS,2100.0,502.0,5,RWD,JE - Executive,4928,1923,1455,Liftback Sedan
210,94.9,Lithium-ion,180.0,565.0,141,610,5.4,200.0,CCS,2100.0,502.0,5,RWD,JE - Executive,4928,1923,1455,Liftback Sedan
210,94.9,Lithium-ion,180.0,855.0,147,590,4.7,200.0,CCS,2100.0,502.0,5,AWD,JE - Executive,4928,1923,1455,Liftback Sedan
160,59.0,Lithium-ion,216.0,310.0,156,340,8.1,110.0,CCS,1000.0,520.0,5,RWD,JC - Medium,4588,1865,1614,SUV
180,77.0,Lithium-ion,288.0,545.0,162,435,6.7,120.0,CCS,1000.0,535.0,5,RWD,JC - Medium,4588,1865,1614,SUV
180,77.0,Lithium-ion,288.0,679.0,165,410,6.6,120.0,CCS,1200.0,535.0,5,AWD,JC - Medium,4588,1865,1614,SUV
180,77.0,Lithium-ion,288.0,679.0,165,415,5.4,120.0,CCS,1200.0,535.0,5,AWD,JC - Medium,4588,1865,1614,SUV
160,59.0,Lithium-ion,216.0,310.0,159,325,8.1,110.0,CCS,1000.0,520.0,5,RWD,JC - Medium,4588,1865,1632,SUV
180,77.0,Lithium-ion,288.0,545.0,169,420,6.7,120.0,CCS,1000.0,520.0,5,RWD,JC - Medium,4588,1865,1632,SUV
180,77.0,Lithium-ion,288.0,679.0,171,395,6.6,120.0,CCS,1200.0,520.0,5,AWD,JC - Medium,4588,1865,1632,SUV
180,77.0,Lithium-ion,288.0,679.0,171,395,5.4,120.0,CCS,1200.0,520.0,5,AWD,JC - Medium,4588,1865,1632,SUV
210,75.8,Lithium-ion,150.0,450.0,166,395,7.0,150.0,CCS,2000.0,526.0,5,RWD,JD - Large,4771,1939,1685,SUV
210,75.8,Lithium-ion,150.0,450.0,139,410,7.0,150.0,CCS,2000.0,511.0,5,RWD,JD - Large,4771,1939,1665,SUV
210,94.9,Lithium-ion,180.0,485.0,145,510,6.6,190.0,CCS,2000.0,511.0,5,RWD,JD - Large,4771,1939,1665,SUV
210,94.9,Lithium-ion,180.0,855.0,149,500,5.9,200.0,CCS,2400.0,511.0,5,AWD,JD - Large,4771,1939,1665,SUV
210,94.9,Lithium-ion,180.0,485.0,171,490,6.6,190.0,CCS,2000.0,526.0,5,RWD,JD - Large,4771,1939,1685,SUV
210,94.9,Lithium-ion,180.0,855.0,176,480,5.9,200.0,CCS,2400.0,470.0,5,AWD,JD - Large,4771,1939,1685,SUV
240,94.9,Lithium-ion,180.0,855.0,156,530,3.9,200.0,CCS,2100.0,502.0,5,AWD,JE - Executive,4928,1923,1493,Station/Estate
240,94.9,Lithium-ion,180.0,855.0,149,555,3.9,200.0,CCS,2100.0,502.0,5,AWD,JE - Executive,4928,1923,1465,Liftback Sedan
230,94.9,Lithium-ion,180.0,855.0,169,470,4.3,200.0,CCS,2400.0,514.0,5,AWD,JD - Large,4771,1965,1685,SUV
230,94.9,Lithium-ion,180.0,855.0,164,495,4.3,200.0,CCS,2400.0,511.0,5,AWD,JD - Large,4771,1965,1665,SUV
250,97.0,Lithium-ion,396.0,865.0,184,525,2.8,281.0,CCS,0.0,350.0,4,AWD,F - Luxury,4997,1964,1389,Sedan
250,97.0,Lithium-ion,396.0,1027.0,182,525,2.5,281.0,CCS,0.0,350.0,4,AWD,F - Luxury,4997,1964,1389,Sedan
245,97.0,Lithium-ion,396.0,740.0,172,540,3.4,281.0,CCS,0.0,405.0,4,AWD,F - Luxury,5004,1964,1394,Sedan
245,97.0,Lithium-ion,396.0,625.0,169,540,4.0,281.0,CCS,0.0,405.0,4,AWD,F - Luxury,5004,1964,1394,Sedan
225,81.3,Lithium-ion,216.0,795.0,197,450,3.9,131.0,CCS,1600.0,470.0,5,AWD,D - Large,4783,1852,1448,Liftback Sedan
190,67.1,Lithium-ion,216.0,400.0,174,430,6.0,95.0,CCS,1600.0,470.0,5,RWD,D - Large,4783,1852,1448,Liftback Sedan
190,81.3,Lithium-ion,216.0,430.0,174,515,5.6,131.0,CCS,1600.0,470.0,5,RWD,D - Large,4783,1852,1448,Liftback Sedan
200,81.3,Lithium-ion,216.0,600.0,183,490,5.1,131.0,CCS,1600.0,470.0,5,AWD,D - Large,4783,1852,1448,Liftback Sedan
230,81.2,Lithium-ion,216.0,795.0,172,430,3.8,136.0,CCS,2000.0,490.0,5,AWD,E - Executive,5060,1900,1505,Sedan
230,81.2,Lithium-ion,216.0,795.0,179,425,3.9,136.0,CCS,2000.0,570.0,5,AWD,E - Executive,5060,1900,1505,Station/Estate
193,81.2,Lithium-ion,216.0,400.0,159,480,6.0,136.0,CCS,1500.0,490.0,5,RWD,E - Executive,5060,1900,1515,Sedan
193,81.2,Lithium-ion,216.0,400.0,165,465,6.1,136.0,CCS,1500.0,570.0,5,RWD,E - Executive,5060,1900,1515,Station/Estate
215,81.2,Lithium-ion,216.0,590.0,167,465,5.4,136.0,CCS,2000.0,490.0,5,AWD,E - Executive,5060,1900,1515,Sedan
215,81.2,Lithium-ion,216.0,590.0,174,450,5.5,136.0,CCS,2000.0,570.0,5,AWD,E - Executive,5060,1900,1515,Station/Estate
250,101.7,Lithium-ion,216.0,1100.0,208,490,3.7,159.0,CCS,0.0,500.0,5,AWD,F - Luxury,5391,1950,1544,Sedan
205,101.7,Lithium-ion,216.0,650.0,177,520,5.5,159.0,CCS,0.0,500.0,5,RWD,F - Luxury,5391,1950,1544,Sedan
240,101.7,Lithium-ion,216.0,745.0,172,510,4.7,159.0,CCS,2000.0,500.0,5,AWD,F - Luxury,5391,1950,1544,Sedan
250,108.9,Lithium-ion,216.0,1015.0,209,500,3.8,150.0,CCS,2500.0,500.0,5,AWD,JE - Executive,4965,1970,1695,SUV
200,94.8,Lithium-ion,216.0,700.0,193,470,5.1,115.0,CCS,2500.0,500.0,5,AWD,JE - Executive,4965,1970,1695,SUV
200,109.1,Lithium-ion,216.0,765.0,194,525,4.6,150.0,CCS,2500.0,500.0,5,AWD,JE - Executive,4965,1970,1695,SUV
170,64.7,Lithium-ion,216.0,247.0,150,390,8.3,94.0,CCS,750.0,490.0,5,FWD,JC - Medium,4500,1845,1616,SUV
180,64.7,Lithium-ion,216.0,494.0,155,380,5.6,94.0,CCS,1200.0,490.0,5,AWD,JC - Medium,4500,1845,1616,SUV
170,64.7,Lithium-ion,216.0,247.0,147,395,8.6,94.0,CCS,750.0,525.0,5,FWD,JC - Medium,4554,1845,1560,SUV
180,64.7,Lithium-ion,216.0,494.0,155,385,5.6,94.0,CCS,1200.0,525.0,5,AWD,JC - Medium,4554,1845,1560,SUV
160,45.1,Lithium-ion,216.0,290.0,145,245,7.9,51.0,CCS,750.0,400.0,5,FWD,JB - Compact,4310,1830,1675,SUV
160,60.5,Lithium-ion,126.0,310.0,144,340,7.3,75.0,CCS,750.0,440.0,5,FWD,JC - Medium,4455,1875,1615,SUV
150,44.9,Lithium-ion,104.0,180.0,132,265,12.3,50.0,CCS,0.0,345.0,5,FWD,C - Medium,4290,1770,1570,Hatchback
160,44.9,Lithium-ion,104.0,430.0,145,260,8.0,50.0,CCS,0.0,345.0,5,FWD,C - Medium,4290,1770,1570,Hatchback
160,60.5,Lithium-ion,126.0,310.0,142,350,7.0,65.0,CCS,0.0,345.0,5,FWD,C - Medium,4290,1770,1570,Hatchback
150,30.0,Lithium-ion,94.0,175.0,136,190,11.1,45.0,CCS,0.0,308.0,4,FWD,B - Compact,3990,1720,1590,Hatchback
150,43.2,Lithium-ion,90.0,175.0,134,270,12.1,60.0,CCS,0.0,308.0,4,FWD,B - Compact,3990,1720,1590,Hatchback
150,43.2,Lithium-ion,90.0,220.0,139,265,9.1,60.0,CCS,0.0,308.0,4,FWD,B - Compact,3990,1720,1590,Hatchback
220,61.4,Lithium-ion,128.0,380.0,133,365,7.5,75.0,CCS,750.0,400.0,5,RWD,D - Large,4800,1875,1460,Sedan
180,82.5,Lithium-ion,172.0,670.0,159,445,3.8,100.0,CCS,1500.0,400.0,5,AWD,D - Large,4800,1875,1460,Sedan
180,82.5,Lithium-ion,172.0,360.0,145,480,5.9,100.0,CCS,750.0,400.0,5,RWD,D - Large,4800,1875,1460,Sedan
175,71.8,Lithium-ion,132.0,310.0,171,360,9.3,72.0,CCS,1300.0,552.0,5,FWD,JD - Large,4785,1890,1668,SUV
175,87.0,Lithium-ion,160.0,330.0,174,425,9.6,85.0,CCS,1300.0,552.0,5,FWD,JD - Large,4785,1890,1668,SUV
215,82.5,Lithium-ion,172.0,690.0,181,400,4.5,115.0,CCS,1500.0,520.0,5,AWD,JD - Large,4830,1925,1620,SUV
215,82.5,Lithium-ion,172.0,380.0,171,415,6.7,115.0,CCS,750.0,520.0,5,RWD,JD - Large,4830,1925,1620,SUV
215,91.3,Lithium-ion,216.0,690.0,182,430,4.5,165.0,CCS,1500.0,520.0,5,AWD,JD - Large,4830,1925,1620,SUV
190,108.8,Lithium-ion,216.0,700.0,205,460,4.9,100.0,CCS,1500.0,235.0,7,AWD,JE - Executive,4970,1955,1745,SUV
160,59.0,Lithium-ion,216.0,310.0,156,360,6.7,110.0,CCS,0.0,385.0,5,RWD,C - Medium,4322,1809,1540,Hatchback
160,77.0,Lithium-ion,288.0,310.0,157,460,7.0,125.0,CCS,0.0,385.0,5,RWD,C - Medium,4322,1809,1540,Hatchback
200,79.0,Lithium-ion,288.0,545.0,149,465,5.6,135.0,CCS,0.0,385.0,5,RWD,C - Medium,4322,1809,1538,Hatchback
180,77.0,Lithium-ion,288.0,545.0,142,445,6.8,120.0,CCS,1000.0,540.0,5,RWD,JC - Medium,4644,1861,1597,SUV
180,77.0,Lithium-ion,288.0,545.0,150,425,5.5,120.0,CCS,1200.0,540.0,5,AWD,JC - Medium,4644,1861,1597,SUV
210,102.0,Lithium-ion,288.0,610.0,192,460,5.3,165.0,CCS,1587.0,793.0,5,AWD,JF - Luxury,5005,1977,1623,SUV
132,50.0,Lithium-ion,216.0,260.0,149,235,11.7,80.0,CCS,750.0,775.0,5,FWD,N - Passenger Van,4403,1921,1803,Small Passenger Van
132,50.0,Lithium-ion,216.0,260.0,149,230,11.7,80.0,CCS,750.0,1050.0,7,FWD,N - Passenger Van,4753,1921,1814,Small Passenger Van
135,44.0,Lithium-ion,216.0,120.0,135,255,11.5,60.0,CCS,550.0,310.0,5,FWD,B - Compact,4015,1755,1577,Hatchback
145,44.0,Lithium-ion,216.0,125.0,144,240,12.9,60.0,CCS,350.0,460.0,5,FWD,JB - Compact,4395,1795,1660,SUV
150,46.3,Lithium-ion,216.0,260.0,135,285,9.9,78.0,CCS,0.0,380.0,5,FWD,C - Medium,4360,1834,1525,Hatchback
150,50.8,Lithium-ion,102.0,260.0,122,325,9.1,78.0,CCS,0.0,380.0,5,FWD,C - Medium,4360,1834,1525,Hatchback
150,46.3,Lithium-ion,216.0,260.0,132,290,9.9,78.0,CCS,0.0,510.0,5,FWD,C - Medium,4600,1834,1525,Sedan
150,50.8,Lithium-ion,102.0,260.0,119,335,9.1,78.0,CCS,0.0,510.0,5,FWD,C - Medium,4600,1834,1525,Sedan
130,46.3,Lithium-ion,216.0,220.0,217,180,13.3,78.0,CCS,1000.0,603.0,9,FWD,N - Passenger Van,4983,1920,1890,Small Passenger Van
130,68.0,Lithium-ion,324.0,220.0,202,260,14.2,79.0,CCS,1000.0,603.0,9,FWD,N - Passenger Van,4983,1920,1890,Small Passenger Van
130,46.3,Lithium-ion,216.0,220.0,219,180,13.3,78.0,CCS,1000.0,989.0,9,FWD,N - Passenger Van,5333,1920,1890,Small Passenger Van
130,68.0,Lithium-ion,324.0,220.0,204,260,14.2,79.0,CCS,1000.0,989.0,9,FWD,N - Passenger Van,5333,1920,1890,Small Passenger Van
150,50.8,Lithium-ion,102.0,260.0,128,300,9.0,85.0,CCS,0.0,350.0,5,FWD,JB - Compact,4118,1802,1534,SUV
160,58.3,Lithium-ion,216.0,345.0,130,375,7.1,70.0,CCS,0.0,390.0,5,FWD,JC - Medium,4400,1866,1470,Hatchback
190,97.2,Lithium-ion,216.0,511.0,146,530,5.4,130.0,CCS,1400.0,620.0,5,AWD,JD - Large,4834,1920,1574,SUV
190,73.7,Lithium-ion,216.0,345.0,141,415,7.7,100.0,CCS,1260.0,620.0,5,FWD,JD - Large,4834,1920,1574,SUV
190,97.2,Lithium-ion,216.0,345.0,136,545,7.8,130.0,CCS,1200.0,620.0,5,FWD,JD - Large,4834,1920,1574,SUV
125,25.0,Lithium-ion,72.0,125.0,109,165,19.1,29.0,CCS,0.0,308.0,4,FWD,A - Mini,3700,1622,1516,Hatchback
125,25.0,Lithium-ion,72.0,113.0,114,160,13.7,29.0,CCS,0.0,308.0,4,FWD,A - Mini,3700,1622,1516,Hatchback
140,29.0,Lithium-ion,216.0,160.0,126,190,12.5,50.0,CCS,1000.0,326.0,5,FWD,B - Compact,4020,1810,1570,Hatchback
140,40.0,Lithium-ion,216.0,160.0,129,255,12.5,51.0,CCS,1000.0,326.0,5,FWD,B - Compact,4020,1810,1570,Hatchback
150,81.0,Lithium-ion,216.0,320.0,203,390,9.5,65.0,CCS,1000.0,467.0,5,FWD,JD - Large,4698,1908,1696,SUV
135,21.3,Lithium-ion,108.0,220.0,112,135,9.0,40.0,CCS,0.0,185.0,4,FWD,B - Compact,3631,1683,1529,Hatchback
150,37.3,Lithium-ion,192.0,220.0,122,235,9.0,67.0,CCS,0.0,185.0,4,FWD,B - Compact,3631,1683,1529,Hatchback
135,21.3,Lithium-ion,108.0,220.0,112,135,9.0,40.0,CCS,0.0,185.0,4,FWD,B - Compact,3631,1683,1529,Cabriolet
150,37.3,Lithium-ion,192.0,220.0,125,230,9.0,67.0,CCS,0.0,185.0,4,FWD,B - Compact,3631,1683,1529,Cabriolet
150,37.3,Lithium-ion,192.0,220.0,118,235,9.0,67.0,CCS,0.0,185.0,4,FWD,B - Compact,3631,1683,1529,Hatchback
150,50.8,Lithium-ion,102.0,260.0,124,310,9.0,79.0,CCS,0.0,360.0,5,FWD,JB - Compact,4171,1781,1523,SUV
132,43.8,Lithium-ion,216.0,122.0,136,260,11.0,60.0,CCS,550.0,361.0,5,FWD,B - Compact,3999,1763,1570,Hatchback
180,79.0,Lithium-ion,288.0,679.0,148,455,5.3,135.0,CCS,1200.0,572.0,5,AWD,D - Large,4643,1872,1626,Liftback Sedan
180,77.0,Lithium-ion,288.0,545.0,135,455,6.4,120.0,CCS,1000.0,572.0,5,RWD,D - Large,4643,1872,1626,Liftback Sedan
160,52.0,Lithium-ion,192.0,310.0,163,320,9.0,85.0,CCS,1000.0,572.0,5,RWD,D - Large,4643,1872,1626,Liftback Sedan
180,79.0,Lithium-ion,288.0,679.0,153,440,5.3,135.0,CCS,1200.0,536.0,5,AWD,JC - Medium,4468,1871,1639,SUV
180,77.0,Lithium-ion,288.0,545.0,139,435,6.4,120.0,CCS,1000.0,536.0,5,RWD,JC - Medium,4468,1871,1630,SUV
160,52.0,Lithium-ion,192.0,310.0,137,305,8.7,85.0,CCS,1000.0,536.0,5,RWD,JC - Medium,4468,1871,1630,SUV
180,88.0,Lithium-ion,216.0,675.0,160,435,4.8,105.0,CCS,1500.0,519.0,5,AWD,JD - Large,4713,1881,1624,SUV
180,91.0,Lithium-ion,376.0,675.0,165,445,4.6,115.0,CCS,1500.0,519.0,5,AWD,JD - Large,4713,1881,1624,SUV
180,88.0,Lithium-ion,216.0,525.0,147,475,6.1,105.0,CCS,1500.0,519.0,5,RWD,JD - Large,4713,1881,1624,SUV
180,91.0,Lithium-ion,376.0,525.0,152,480,5.9,115.0,CCS,1500.0,519.0,5,RWD,JD - Large,4713,1881,1624,SUV
200,91.0,Lithium-ion,376.0,950.0,177,425,3.8,115.0,CCS,750.0,519.0,5,AWD,JD - Large,4743,1881,1613,SUV
200,91.0,Lithium-ion,376.0,950.0,177,435,3.8,115.0,CCS,750.0,519.0,5,AWD,JD - Large,4743,1881,1613,SUV
200,91.0,Lithium-ion,376.0,950.0,178,415,3.9,115.0,CCS,750.0,519.0,5,AWD,JD - Large,4743,1881,1633,SUV
200,91.0,Lithium-ion,376.0,950.0,178,410,3.9,115.0,CCS,750.0,519.0,5,AWD,JD - Large,4743,1881,1633,SUV
180,72.6,Lithium-ion,216.0,525.0,154,385,6.2,100.0,CCS,750.0,519.0,5,RWD,JD - Large,4713,1881,1624,SUV
180,72.6,Lithium-ion,216.0,525.0,154,380,6.2,100.0,CCS,750.0,519.0,5,RWD,JD - Large,4713,1881,1624,SUV
160,43.6,Lithium-ion,216.0,290.0,126,275,8.0,85.0,CCS,750.0,523.0,5,FWD,JB - Compact,4214,1805,1555,SUV
145,43.6,Lithium-ion,216.0,290.0,164,200,11.0,80.0,CCS,750.0,470.0,5,FWD,N - Passenger Van,4337,1876,1817,Small Passenger Van
130,64.0,Lithium-ion,216.0,415.0,370,235,9.0,70.0,CCS,2000.0,672.0,8,RWD,N - Passenger Van,5050,1999,1959,Small Passenger Van
130,64.0,Lithium-ion,216.0,415.0,370,235,8.0,70.0,CCS,2000.0,672.0,8,RWD,N - Passenger Van,5050,1999,1959,Small Passenger Van
150,64.0,Lithium-ion,216.0,415.0,370,235,9.0,70.0,CCS,2000.0,672.0,8,RWD,N - Passenger Van,5908,1999,1959,Small Passenger Van
150,64.0,Lithium-ion,216.0,415.0,370,235,8.0,70.0,CCS,2000.0,672.0,8,RWD,N - Passenger Van,5908,1999,1959,Small Passenger Van
160,45.4,Lithium-ion,216.0,250.0,146,260,8.3,45.0,CCS,0.0,228.0,5,FWD,C - Medium,4235,1825,1603,Hatchback
160,59.3,Lithium-ion,216.0,250.0,141,340,8.2,56.0,CCS,0.0,228.0,5,FWD,C - Medium,4235,1825,1603,Hatchback
160,59.3,Lithium-ion,216.0,250.0,148,325,8.2,56.0,CCS,0.0,228.0,5,FWD,C - Medium,4254,1848,1603,Hatchback
180,83.5,Lithium-ion,216.0,680.0,161,430,4.5,80.0,CCS,0.0,333.0,5,AWD,D - Large,4871,1862,1500,Sedan
170,64.3,Lithium-ion,216.0,340.0,146,350,8.2,75.0,CCS,0.0,333.0,5,FWD,D - Large,4871,1862,1500,Sedan
225,82.5,Lithium-ion,216.0,700.0,159,440,4.9,160.0,CCS,1000.0,354.0,5,AWD,F - Luxury,5005,1925,1470,Sedan
185,74.0,Lithium-ion,384.0,350.0,143,390,7.8,200.0,CCS,1600.0,432.0,5,RWD,JC - Medium,4515,1890,1580,SUV
200,74.0,Lithium-ion,384.0,605.0,157,375,5.5,200.0,CCS,1600.0,432.0,5,AWD,JC - Medium,4515,1890,1580,SUV
235,74.0,Lithium-ion,384.0,700.0,159,360,4.0,200.0,CCS,1600.0,432.0,5,AWD,JC - Medium,4515,1890,1580,SUV
235,74.0,Lithium-ion,384.0,700.0,163,350,4.2,190.0,CCS,1800.0,503.0,5,AWD,JD - Large,4715,1910,1630,SUV
160,61.9,Lithium-ion,216.0,310.0,150,335,7.6,60.0,CCS,0.0,361.0,5,FWD,JB - Compact,4387,1790,1584,SUV
200,112.0,Lithium-ion,216.0,750.0,217,455,4.9,110.0,CCS,1500.0,438.0,5,AWD,JF - Luxury,5209,2010,1731,SUV
200,76.5,Lithium-ion,216.0,600.0,193,320,6.5,112.0,CCS,1500.0,438.0,5,AWD,JF - Luxury,5209,2010,1731,SUV
200,90.0,Lithium-ion,216.0,750.0,194,370,4.9,112.0,CCS,1500.0,438.0,5,AWD,JF - Luxury,5209,2010,1731,SUV
150,46.0,Lithium-ion,216.0,147.0,124,300,10.6,70.0,CCS,1000.0,280.0,4,FWD,JA - Mini,3825,1610,1575,SUV
140,39.0,Lithium-ion,216.0,147.0,119,255,11.7,60.0,CCS,1000.0,280.0,4,FWD,JA - Mini,3825,1610,1575,SUV
185,60.0,Lithium-ion,288.0,350.0,136,345,8.5,150.0,CCS,750.0,520.0,5,RWD,JC - Medium,4655,1890,1605,SUV
185,80.0,Lithium-ion,384.0,605.0,162,445,5.3,205.0,CCS,1600.0,520.0,5,AWD,JC - Medium,4655,1890,1605,SUV
185,80.0,Lithium-ion,384.0,350.0,155,450,7.5,205.0,CCS,1600.0,520.0,5,RWD,JC - Medium,4655,1890,1605,SUV
260,80.0,Lithium-ion,384.0,740.0,179,390,3.4,205.0,CCS,0.0,480.0,5,AWD,JC - Medium,4715,1940,1585,SUV
185,74.0,Lithium-ion,384.0,350.0,136,495,7.4,200.0,CCS,1500.0,401.0,5,RWD,D - Large,4855,1880,1495,Sedan
185,74.0,Lithium-ion,384.0,605.0,143,440,5.1,200.0,CCS,1500.0,401.0,5,AWD,D - Large,4855,1880,1495,Sedan
185,50.0,Lithium-ion,264.0,350.0,117,335,8.8,120.0,CCS,750.0,401.0,5,RWD,D - Large,4855,1880,1495,Sedan
200,106.0,Lithium-ion,216.0,605.0,177,490,6.7,195.0,CCS,2500.0,338.0,7,AWD,JF - Luxury,5060,1980,1790,SUV
185,106.0,Lithium-ion,216.0,350.0,171,500,9.4,195.0,CCS,1600.0,338.0,7,RWD,JF - Luxury,5060,1980,1790,SUV
200,106.0,Lithium-ion,216.0,700.0,177,480,5.2,195.0,CCS,2500.0,338.0,7,AWD,JF - Luxury,5060,1980,1790,SUV
160,48.4,Lithium-ion,216.0,255.0,128,295,8.8,50.0,CCS,300.0,466.0,5,FWD,JB - Compact,4355,1825,1575,SUV
170,65.4,Lithium-ion,216.0,255.0,144,390,7.8,86.0,CCS,750.0,466.0,5,FWD,JB - Compact,4355,1825,1575,SUV
200,84.7,Lithium-ion,432.0,696.0,208,380,4.8,85.0,CCS,750.0,505.0,5,AWD,JD - Large,4682,2011,1566,SUV
150,50.8,Lithium-ion,102.0,260.0,132,310,9.0,85.0,CCS,0.0,355.0,5,FWD,JB - Compact,4084,1776,1528,SUV
180,74.0,Lithium-ion,216.0,345.0,148,370,8.5,90.0,CCS,1000.0,550.0,5,FWD,JC - Medium,4552,1928,1675,SUV
175,72.0,Lithium-ion,216.0,339.0,156,370,8.1,85.0,CCS,1500.0,839.0,5,FWD,JC - Medium,4715,1890,1725,SUV
170,78.0,Lithium-ion,216.0,283.0,139,455,7.7,105.0,CCS,1000.0,460.0,5,FWD,JB - Compact,4300,1850,1560,SUV
170,55.0,Lithium-ion,216.0,283.0,133,325,7.5,80.0,CCS,300.0,460.0,5,FWD,JB - Compact,4300,1850,1560,SUV
170,78.0,Lithium-ion,216.0,283.0,132,475,7.7,105.0,CCS,1000.0,435.0,5,FWD,C - Medium,4430,1860,1485,Hatchback
170,55.0,Lithium-ion,216.0,283.0,134,340,7.4,80.0,CCS,1000.0,435.0,5,FWD,C - Medium,4430,1860,1485,Hatchback
170,78.0,Lithium-ion,216.0,283.0,124,495,7.7,105.0,CCS,1000.0,490.0,5,FWD,C - Medium,4730,1860,1480,Sedan
170,55.0,Lithium-ion,216.0,283.0,128,355,7.4,80.0,CCS,1000.0,490.0,5,FWD,C - Medium,4730,1860,1480,Sedan
260,80.0,Lithium-ion,384.0,770.0,178,385,3.5,205.0,CCS,1800.0,480.0,5,AWD,JC - Medium,4695,1890,1545,SUV
185,80.0,Lithium-ion,384.0,350.0,143,455,7.3,205.0,CCS,1800.0,490.0,5,RWD,JC - Medium,4695,1880,1575,SUV
185,80.0,Lithium-ion,384.0,605.0,154,440,5.2,205.0,CCS,1800.0,490.0,5,AWD,JC - Medium,4695,1880,1575,SUV
185,60.0,Lithium-ion,288.0,350.0,140,345,8.7,150.0,CCS,750.0,490.0,5,RWD,JC - Medium,4695,1880,1575,SUV
190,73.0,Lithium-ion,348.0,350.0,165,355,8.5,160.0,CCS,900.0,333.0,7,RWD,JF - Luxury,5010,1980,1755,SUV
200,96.0,Lithium-ion,456.0,600.0,188,435,6.0,194.0,CCS,2500.0,333.0,7,AWD,JF - Luxury,5010,1980,1755,SUV
220,96.0,Lithium-ion,456.0,740.0,190,420,4.6,194.0,CCS,2500.0,333.0,7,AWD,JF - Luxury,5015,1980,1755,SUV
200,96.0,Lithium-ion,456.0,700.0,190,425,5.3,194.0,CCS,2500.0,333.0,7,AWD,JF - Luxury,5015,1980,1780,SUV
185,96.0,Lithium-ion,456.0,350.0,171,450,9.4,194.0,CCS,900.0,333.0,7,RWD,JF - Luxury,5010,1980,1755,SUV
167,64.8,Lithium-ion,96.0,255.0,140,385,7.8,70.0,CCS,750.0,475.0,5,FWD,JC - Medium,4420,1825,1570,SUV
150,48.1,Lithium-ion,96.0,260.0,122,310,8.2,80.0,CCS,0.0,309.0,5,FWD,B - Compact,4080,1760,1440,Hatchback
170,69.9,Lithium-ion,216.0,320.0,166,350,7.5,70.0,CCS,1500.0,435.0,5,RWD,JD - Large,4739,1900,1680,SUV
130,36.0,Lithium-ion,216.0,158.0,136,225,12.7,30.0,CCS,1000.0,210.0,4,FWD,A - Mini,3620,1652,1577,Hatchback
160,64.0,Lithium-ion,96.0,266.0,149,365,8.0,100.0,CCS,750.0,522.0,5,FWD,JC - Medium,4690,1860,1600,SUV
160,64.0,Lithium-ion,96.0,435.0,158,350,5.6,100.0,CCS,750.0,522.0,5,AWD,JD - Large,4805,1895,1635,SUV
160,64.0,Lithium-ion,96.0,300.0,145,340,7.5,35.0,CHAdeMO,0.0,316.0,5,FWD,JC - Medium,4495,1840,1545,SUV
250,109.0,Lithium-ion,216.0,710.0,204,495,4.5,259.0,CCS,2250.0,611.0,5,AWD,JF - Luxury,5103,2019,1630,SUV
260,109.0,Lithium-ion,216.0,985.0,266,455,2.9,259.0,CCS,2250.0,611.0,5,AWD,JF - Luxury,5103,2019,1636,SUV
250,109.0,Lithium-ion,216.0,710.0,222,480,4.5,259.0,CCS,2250.0,611.0,5,AWD,JF - Luxury,5103,2019,1630,SUV
250,98.9,Lithium-ion,216.0,710.0,198,520,4.2,240.0,CCS,2250.0,509.0,5,AWD,F - Luxury,5139,2005,1464,Liftback Sedan
256,98.9,Lithium-ion,216.0,985.0,227,465,2.8,240.0,CCS,1225.0,509.0,5,AWD,F - Luxury,5139,2005,1464,Liftback Sedan
270,112.0,Lithium-ion,6600.0,1200.0,143,665,3.0,184.0,CCS,0.0,456.0,5,AWD,F - Luxury,4975,1939,1410,Sedan
200,92.0,Lithium-ion,5400.0,430.0,130,565,4.7,160.0,CCS,0.0,456.0,5,RWD,F - Luxury,4975,1939,1410,Sedan
250,92.0,Lithium-ion,5400.0,430.0,142,580,3.2,160.0,CCS,0.0,456.0,5,AWD,F - Luxury,4975,1939,1410,Sedan
180,65.0,Lithium-ion,216.0,343.0,149,370,5.5,90.0,CCS,1600.0,410.0,5,RWD,JC - Medium,4460,1845,1573,SUV
200,74.4,Lithium-ion,216.0,725.0,168,395,3.2,85.0,CCS,1000.0,249.0,2,AWD,G - Sports,4535,1913,1329,Cabriolet
195,74.4,Lithium-ion,216.0,475.0,146,425,5.0,85.0,CCS,1000.0,249.0,2,RWD,G - Sports,4535,1913,1329,Cabriolet
160,50.8,Lithium-ion,104.0,250.0,145,300,7.7,68.0,CCS,500.0,363.0,5,RWD,C - Medium,4287,1836,1504,Hatchback
160,61.7,Lithium-ion,104.0,250.0,142,360,7.9,116.0,CCS,500.0,363.0,5,RWD,C - Medium,4287,1836,1504,Hatchback
180,74.4,Lithium-ion,216.0,350.0,143,425,6.5,110.0,CCS,500.0,363.0,5,RWD,C - Medium,4287,1836,1516,Hatchback
200,61.7,Lithium-ion,104.0,600.0,160,320,3.8,116.0,CCS,500.0,363.0,5,AWD,C - Medium,4287,1836,1516,Hatchback
185,57.4,Lithium-ion,216.0,280.0,151,335,7.7,60.0,CCS,500.0,479.0,5,FWD,C - Medium,4600,1818,1543,Station/Estate
185,46.0,Lithium-ion,216.0,280.0,148,265,7.7,53.0,CCS,500.0,479.0,5,FWD,C - Medium,4600,1818,1543,Station/Estate
170,47.1,Lithium-ion,216.0,250.0,139,275,8.0,80.0,CCS,750.0,453.0,5,RWD,JC - Medium,4476,1849,1621,SUV
190,62.1,Lithium-ion,216.0,350.0,134,365,6.3,90.0,CCS,750.0,453.0,5,RWD,JC - Medium,4476,1849,1621,SUV
175,68.3,Lithium-ion,216.0,280.0,155,370,8.4,82.0,CCS,500.0,448.0,5,FWD,JB - Compact,4323,1809,1649,SUV
175,49.0,Lithium-ion,216.0,280.0,153,265,8.6,50.0,CCS,500.0,448.0,5,FWD,JB - Compact,4323,1809,1649,SUV
290,83.0,Lithium-ion,216.0,1350.0,198,395,2.8,190.0,CCS,1000.0,151.0,4,AWD,F - Luxury,4966,1957,1365,Cabriolet
325,83.0,Lithium-ion,216.0,1350.0,182,420,2.7,217.0,CCS,1000.0,270.0,4,AWD,F - Luxury,4959,1957,1353,Coupe
220,95.0,Lithium-ion,216.0,820.0,220,400,4.1,110.0,CCS,1800.0,535.0,5,AWD,JE - Executive,4865,1948,1651,SUV
180,84.0,Lithium-ion,216.0,350.0,195,365,9.2,103.0,CCS,1000.0,470.0,7,FWD,N - Passenger Van,5270,2000,1840,Small Passenger Van
175,66.0,Lithium-ion,216.0,320.0,138,390,7.6,120.0,CCS,1500.0,456.0,5,RWD,D - Large,4921,1890,1491,Liftback Sedan
175,75.0,Lithium-ion,216.0,320.0,136,440,7.8,70.0,CCS,1500.0,456.0,5,RWD,D - Large,4921,1890,1491,Liftback Sedan
210,85.0,Lithium-ion,216.0,335.0,122,565,6.7,235.0,CCS,1500.0,405.0,5,RWD,D - Large,4723,1855,1468,Sedan
210,85.0,Lithium-ion,216.0,515.0,126,550,4.9,235.0,CCS,1800.0,405.0,5,AWD,D - Large,4723,1855,1468,Sedan
160,66.5,Lithium-ion,300.0,385.0,146,395,8.6,100.0,CCS,1500.0,340.0,5,FWD,JC - Medium,4463,1834,1620,SUV
160,70.5,Lithium-ion,216.0,385.0,142,420,8.6,90.0,CCS,1500.0,340.0,5,FWD,JC - Medium,4463,1834,1620,SUV
160,66.5,Lithium-ion,300.0,390.0,162,350,7.7,100.0,CCS,1800.0,340.0,5,AWD,JC - Medium,4463,1834,1620,SUV
160,66.5,Lithium-ion,300.0,520.0,162,350,6.0,100.0,CCS,1800.0,340.0,5,AWD,JC - Medium,4463,1834,1620,SUV
160,70.5,Lithium-ion,216.0,385.0,152,415,8.9,90.0,CCS,1400.0,495.0,7,FWD,JC - Medium,4684,1834,1667,SUV
160,66.5,Lithium-ion,300.0,390.0,168,345,8.0,100.0,CCS,1700.0,495.0,7,AWD,JC - Medium,4684,1834,1667,SUV
160,66.5,Lithium-ion,300.0,520.0,168,345,6.2,100.0,CCS,1700.0,495.0,7,AWD,JC - Medium,4684,1834,1667,SUV
210,89.0,Lithium-ion,216.0,550.0,163,525,7.3,120.0,CCS,750.0,430.0,5,RWD,E - Executive,4946,1906,1503,Sedan
210,90.6,Lithium-ion,360.0,765.0,173,515,6.3,141.0,CCS,1700.0,430.0,5,AWD,E - Executive,4946,1906,1503,Sedan
210,96.0,Lithium-ion,216.0,565.0,164,555,6.5,141.0,CCS,750.0,430.0,5,RWD,E - Executive,4946,1906,1510,Sedan
210,90.6,Lithium-ion,360.0,858.0,173,505,4.7,141.0,CCS,1700.0,430.0,5,AWD,E - Executive,4946,1906,1503,Sedan
210,90.6,Lithium-ion,360.0,858.0,207,450,4.2,141.0,CCS,1700.0,430.0,5,AWD,E - Executive,4964,1906,1495,Sedan
220,90.6,Lithium-ion,360.0,950.0,208,450,3.5,141.0,CCS,1700.0,430.0,5,AWD,E - Executive,4964,1906,1495,Sedan
210,90.6,Lithium-ion,216.0,550.0,182,450,7.6,141.0,CCS,750.0,520.0,5,RWD,JE - Executive,4863,1940,1685,SUV
210,90.6,Lithium-ion,216.0,765.0,189,435,6.6,141.0,CCS,1800.0,520.0,5,AWD,JE - Executive,4863,1940,1685,SUV
210,96.0,Lithium-ion,216.0,565.0,164,475,6.9,141.0,CCS,750.0,520.0,5,RWD,JE - Executive,4863,1940,1685,SUV
210,96.0,Lithium-ion,216.0,858.0,187,455,4.9,141.0,CCS,1800.0,520.0,5,AWD,JE - Executive,4863,1940,1685,SUV
210,90.6,Lithium-ion,360.0,858.0,214,425,4.3,141.0,CCS,1800.0,520.0,5,AWD,JE - Executive,4879,1940,1672,SUV
240,90.6,Lithium-ion,360.0,1000.0,242,420,3.5,141.0,CCS,1800.0,520.0,5,AWD,JE - Executive,4879,1940,1672,SUV
210,96.0,Lithium-ion,360.0,565.0,165,570,6.7,130.0,CCS,750.0,620.0,5,RWD,F - Luxury,5223,1926,1512,Sedan
210,118.0,Lithium-ion,216.0,800.0,180,655,5.7,160.0,CCS,1700.0,620.0,5,AWD,F - Luxury,5223,1926,1518,Sedan
210,118.0,Lithium-ion,216.0,568.0,173,685,6.2,160.0,CCS,750.0,620.0,5,RWD,F - Luxury,5223,1926,1518,Sedan
210,118.0,Lithium-ion,216.0,828.0,180,640,4.9,160.0,CCS,1700.0,620.0,5,AWD,F - Luxury,5223,1926,1518,Sedan
210,118.0,Lithium-ion,216.0,858.0,180,640,4.4,160.0,CCS,1700.0,620.0,5,AWD,F - Luxury,5223,1926,1518,Sedan
250,118.0,Lithium-ion,216.0,1020.0,222,585,3.4,160.0,CCS,1700.0,620.0,5,AWD,F - Luxury,5223,1926,1518,Sedan
210,118.0,Lithium-ion,216.0,800.0,199,530,6.1,160.0,CCS,1800.0,645.0,7,AWD,JF - Luxury,5125,1959,1718,SUV
210,118.0,Lithium-ion,216.0,568.0,195,540,6.8,160.0,CCS,750.0,645.0,7,RWD,JF - Luxury,5125,1959,1718,SUV
210,118.0,Lithium-ion,216.0,828.0,199,530,5.3,160.0,CCS,1800.0,645.0,7,AWD,JF - Luxury,5125,1959,1718,SUV
210,118.0,Lithium-ion,216.0,858.0,199,530,4.7,160.0,CCS,1800.0,470.0,7,AWD,JF - Luxury,5125,1959,1718,SUV
210,118.0,Lithium-ion,216.0,950.0,211,490,4.4,160.0,CCS,1800.0,440.0,4,AWD,JF - Luxury,5125,1959,1725,SUV
132,45.0,Lithium-ion,216.0,245.0,177,220,13.3,50.0,CCS,1500.0,828.0,7,FWD,N - Passenger Van,4922,1859,1811,Small Passenger Van
132,45.0,Lithium-ion,216.0,245.0,167,225,12.6,50.0,CCS,1500.0,551.0,5,FWD,N - Passenger Van,4498,1859,1819,Small Passenger Van
160,60.0,Lithium-ion,192.0,365.0,282,210,12.0,60.0,CCS,0.0,1410.0,7,FWD,N - Passenger Van,5370,1928,1911,Small Passenger Van
160,60.0,Lithium-ion,192.0,365.0,282,215,12.0,60.0,CCS,0.0,1030.0,7,FWD,N - Passenger Van,5140,1928,1910,Small Passenger Van
140,90.0,Lithium-ion,288.0,365.0,249,315,12.2,96.0,CCS,0.0,1410.0,7,FWD,N - Passenger Van,5370,1928,1901,Small Passenger Van
160,90.0,Lithium-ion,288.0,365.0,276,320,12.1,96.0,CCS,0.0,1030.0,7,FWD,N - Passenger Van,5140,1928,1901,Small Passenger Van
180,116.0,Lithium-ion,216.0,1164.0,267,360,4.7,150.0,CCS,0.0,555.0,5,AWD,JF - Luxury,4624,1931,1986,SUV
160,60.0,Lithium-ion,192.0,360.0,254,215,12.0,60.0,CCS,0.0,1390.0,8,FWD,N - Passenger Van,5370,1928,1890,Small Passenger Van
160,60.0,Lithium-ion,192.0,360.0,259,220,12.0,60.0,CCS,0.0,990.0,8,FWD,N - Passenger Van,5140,1928,1890,Small Passenger Van
160,90.0,Lithium-ion,288.0,360.0,260,325,12.1,96.0,CCS,0.0,990.0,8,FWD,N - Passenger Van,5140,1928,1890,Small Passenger Van
160,38.5,Lithium-ion,216.0,290.0,129,230,7.9,60.0,CCS,750.0,300.0,5,FWD,JB - Compact,4079,1754,1514,SUV
200,49.2,Lithium-ion,216.0,350.0,143,280,6.4,75.0,CCS,750.0,300.0,5,FWD,JB - Compact,4079,1754,1514,SUV
170,49.2,Lithium-ion,216.0,330.0,129,290,7.1,75.0,CCS,750.0,300.0,5,FWD,JB - Compact,4079,1754,1514,SUV
160,36.6,Lithium-ion,216.0,290.0,125,250,7.3,60.0,CCS,0.0,200.0,4,FWD,B - Compact,3858,1756,1460,Hatchback
200,49.2,Lithium-ion,216.0,350.0,135,290,5.9,75.0,CCS,0.0,200.0,4,FWD,B - Compact,3858,1756,1460,Hatchback
170,49.2,Lithium-ion,216.0,330.0,127,330,6.7,75.0,CCS,0.0,200.0,4,FWD,B - Compact,3858,1756,1460,Hatchback
170,64.6,Lithium-ion,216.0,250.0,140,380,8.6,94.0,CCS,750.0,460.0,5,FWD,JC - Medium,4433,1843,1656,SUV
180,64.6,Lithium-ion,216.0,494.0,149,365,5.6,94.0,CCS,1200.0,460.0,5,AWD,JC - Medium,4433,1843,1656,SUV
200,90.0,Lithium-ion,96.0,700.0,170,435,4.5,135.0,CCS,1200.0,579.0,5,AWD,JE - Executive,4854,1995,1703,SUV
200,73.5,Lithium-ion,118.0,700.0,181,365,4.5,110.0,CCS,1200.0,579.0,5,AWD,JE - Executive,4854,1995,1703,SUV
200,90.0,Lithium-ion,96.0,850.0,185,430,3.9,100.0,CCS,2000.0,570.0,5,AWD,JF - Luxury,4912,1987,1720,SUV
200,73.5,Lithium-ion,118.0,850.0,198,355,3.9,110.0,CCS,2000.0,570.0,5,AWD,JF - Luxury,4912,1987,1720,SUV
200,90.0,Lithium-ion,96.0,850.0,185,440,4.1,190.0,CCS,2000.0,265.0,6,AWD,JF - Luxury,5099,1989,1750,SUV
200,73.5,Lithium-ion,118.0,850.0,196,360,4.1,110.0,CCS,2000.0,265.0,6,AWD,JF - Luxury,5099,1989,1750,SUV
200,90.0,Lithium-ion,96.0,700.0,167,500,4.0,100.0,CCS,1400.0,386.0,5,AWD,E - Executive,4790,1960,1499,Sedan
200,73.5,Lithium-ion,118.0,700.0,175,410,4.0,110.0,CCS,1400.0,386.0,5,AWD,E - Executive,4790,1960,1499,Sedan
200,90.0,Lithium-ion,96.0,700.0,178,485,4.0,135.0,CCS,1400.0,450.0,5,AWD,E - Executive,4790,1960,1499,Station/Estate
200,73.5,Lithium-ion,118.0,700.0,169,400,4.0,110.0,CCS,1400.0,450.0,5,AWD,E - Executive,4790,1960,1499,Station/Estate
200,90.0,Lithium-ion,96.0,850.0,178,505,3.8,100.0,CCS,2000.0,363.0,5,AWD,F - Luxury,5101,1987,1509,Sedan
200,73.5,Lithium-ion,118.0,850.0,191,415,3.8,110.0,CCS,2000.0,363.0,5,AWD,F - Luxury,5101,1987,1509,Sedan
160,63.0,Lithium-ion,216.0,300.0,175,335,7.5,90.0,CCS,750.0,468.0,5,FWD,JC - Medium,4595,1850,1660,SUV
160,87.0,Lithium-ion,216.0,300.0,169,450,7.6,110.0,CCS,750.0,468.0,5,FWD,JC - Medium,4595,1850,1660,SUV
200,87.0,Lithium-ion,216.0,600.0,190,405,5.7,110.0,CCS,1500.0,415.0,5,AWD,JC - Medium,4595,1850,1660,SUV
200,87.0,Lithium-ion,216.0,600.0,209,385,5.0,110.0,CCS,1000.0,415.0,5,AWD,JC - Medium,4655,1850,1660,SUV
132,45.0,Lithium-ion,216.0,245.0,158,225,12.6,50.0,CCS,1500.0,819.0,5,FWD,N - Passenger Van,4488,1860,1838,Small Passenger Van
130,45.0,Lithium-ion,216.0,245.0,173,220,13.3,50.0,CCS,1500.0,819.0,7,FWD,N - Passenger Van,4911,1860,1815,Small Passenger Van
172,61.0,Lithium-ion,216.0,340.0,152,345,7.6,60.0,CCS,1000.0,380.0,5,FWD,JC - Medium,4424,1830,1588,SUV
170,50.8,Lithium-ion,102.0,270.0,128,320,9.2,85.0,CCS,0.0,352.0,5,FWD,C - Medium,4374,1860,1470,Hatchback
170,50.8,Lithium-ion,102.0,270.0,123,310,9.3,85.0,CCS,0.0,516.0,5,FWD,C - Medium,4642,1860,1480,Station/Estate
135,50.0,Lithium-ion,216.0,260.0,149,235,11.3,80.0,CCS,750.0,775.0,5,FWD,N - Passenger Van,4410,1921,1812,Small Passenger Van
135,50.0,Lithium-ion,216.0,260.0,149,230,11.3,80.0,CCS,750.0,1050.0,7,FWD,N - Passenger Van,4760,1921,1818,Small Passenger Van
150,46.3,Lithium-ion,216.0,260.0,131,290,8.7,78.0,CCS,0.0,267.0,5,FWD,B - Compact,4061,1765,1435,Hatchback
150,48.1,Lithium-ion,96.0,260.0,120,315,8.1,80.0,CCS,0.0,267.0,5,FWD,B - Compact,4061,1765,1435,Hatchback
140,44.0,Lithium-ion,216.0,120.0,144,245,12.1,60.0,CCS,350.0,460.0,5,FWD,JB - Compact,4385,1795,1635,SUV
170,73.0,Lithium-ion,96.0,260.0,145,365,9.0,90.0,CCS,1200.0,550.0,5,FWD,JC - Medium,4650,1934,1665,SUV
170,82.2,Lithium-ion,216.0,260.0,146,410,9.0,100.0,CCS,1200.0,550.0,5,FWD,JC - Medium,4650,1934,1665,SUV
150,50.8,Lithium-ion,102.0,260.0,126,285,9.0,85.0,CCS,0.0,310.0,5,FWD,JB - Compact,4151,1790,1534,SUV
130,46.3,Lithium-ion,216.0,270.0,217,180,13.3,78.0,CCS,1000.0,603.0,9,FWD,N - Passenger Van,4983,1920,1890,Small Passenger Van
130,68.0,Lithium-ion,324.0,270.0,202,260,14.2,79.0,CCS,1000.0,603.0,9,FWD,N - Passenger Van,4983,1920,1890,Small Passenger Van
130,46.3,Lithium-ion,216.0,270.0,219,180,13.3,78.0,CCS,1000.0,989.0,9,FWD,N - Passenger Van,5333,1920,1890,Small Passenger Van
130,68.0,Lithium-ion,324.0,260.0,204,260,14.2,79.0,CCS,1000.0,989.0,9,FWD,N - Passenger Van,5333,1920,1890,Small Passenger Van
150,46.3,Lithium-ion,216.0,260.0,136,270,9.9,78.0,CCS,0.0,434.0,5,FWD,JB - Compact,4304,1775,1523,SUV
150,50.8,Lithium-ion,102.0,260.0,125,300,9.1,85.0,CCS,0.0,434.0,5,FWD,JB - Compact,4304,1775,1523,SUV
150,46.3,Lithium-ion,216.0,260.0,132,290,9.0,78.0,CCS,0.0,265.0,5,FWD,B - Compact,4055,1765,1430,Hatchback
150,48.1,Lithium-ion,96.0,260.0,120,310,8.2,80.0,CCS,0.0,265.0,5,FWD,B - Compact,4055,1765,1430,Hatchback
170,73.0,Lithium-ion,96.0,345.0,143,380,8.8,90.0,CCS,1250.0,588.0,5,FWD,JC - Medium,4542,1895,1641,SUV
170,73.0,Lithium-ion,96.0,511.0,195,375,6.4,90.0,CCS,1000.0,588.0,5,AWD,JC - Medium,4542,1895,1641,SUV
170,96.9,Lithium-ion,216.0,345.0,145,500,8.7,135.0,CCS,1200.0,588.0,5,FWD,JC - Medium,4542,1895,1641,SUV
170,50.8,Lithium-ion,102.0,260.0,124,300,9.8,80.0,CCS,0.0,412.0,5,FWD,C - Medium,4367,1852,1441,Hatchback
150,50.8,Lithium-ion,102.0,260.0,127,300,10.0,80.0,CCS,1000.0,608.0,5,FWD,C - Medium,4636,1852,1442,Station/Estate
160,58.3,Lithium-ion,216.0,345.0,129,375,7.2,70.0,CCS,1000.0,471.0,5,FWD,JD - Large,4687,1859,1478,SUV
170,73.0,Lithium-ion,96.0,345.0,150,370,9.7,90.0,CCS,1000.0,348.0,7,FWD,JD - Large,4791,1895,1694,SUV
170,73.0,Lithium-ion,96.0,511.0,203,360,7.0,90.0,CCS,1000.0,348.0,7,AWD,JD - Large,4791,1895,1694,SUV
170,96.9,Lithium-ion,216.0,345.0,152,485,9.6,135.0,CCS,1000.0,348.0,7,FWD,JD - Large,4791,1895,1694,SUV
132,50.0,Lithium-ion,216.0,270.0,152,235,11.7,80.0,CCS,750.0,775.0,5,FWD,N - Passenger Van,4403,1921,1818,Small Passenger Van
132,50.0,Lithium-ion,216.0,270.0,153,230,11.7,80.0,CCS,750.0,1050.0,7,FWD,N - Passenger Van,4755,1921,1837,Small Passenger Van
130,68.0,Lithium-ion,324.0,270.0,204,260,14.2,79.0,CCS,1000.0,989.0,9,FWD,N - Passenger Van,5333,1920,1890,Small Passenger Van
205,79.0,Lithium-ion,324.0,740.0,142,455,4.5,125.0,CCS,1500.0,407.0,5,AWD,D - Large,4606,1859,1479,Liftback Sedan
205,79.0,Lithium-ion,324.0,740.0,142,450,4.2,125.0,CCS,1500.0,407.0,5,AWD,D - Large,4606,1859,1473,Liftback Sedan
205,79.0,Lithium-ion,324.0,490.0,130,475,6.2,125.0,CCS,1500.0,407.0,5,RWD,D - Large,4606,1859,1479,Liftback Sedan
205,67.0,Lithium-ion,216.0,490.0,129,405,6.4,110.0,CCS,1500.0,407.0,5,RWD,D - Large,4606,1859,1479,Liftback Sedan
210,107.0,Lithium-ion,204.0,840.0,183,515,5.0,150.0,CCS,2200.0,484.0,5,AWD,JE - Executive,4900,1968,1614,SUV
210,107.0,Lithium-ion,204.0,910.0,194,495,4.7,150.0,CCS,2200.0,484.0,5,AWD,JE - Executive,4900,1968,1614,SUV
180,107.0,Lithium-ion,204.0,490.0,166,530,7.8,150.0,CCS,1500.0,484.0,5,RWD,JE - Executive,4900,1968,1614,SUV
200,94.0,Lithium-ion,110.0,686.0,165,485,3.8,135.0,CCS,2000.0,526.0,5,AWD,E - Executive,4839,2008,1544,Liftback Sedan
180,94.0,Lithium-ion,110.0,343.0,157,495,7.4,135.0,CCS,1500.0,526.0,5,RWD,E - Executive,4839,2008,1544,Liftback Sedan
220,95.0,Lithium-ion,180.0,650.0,184,470,5.2,200.0,CCS,2000.0,540.0,5,AWD,JD - Large,4784,1938,1622,SUV
240,95.0,Lithium-ion,180.0,820.0,186,470,4.1,200.0,CCS,2000.0,540.0,5,AWD,JD - Large,4784,1938,1622,SUV
220,95.0,Lithium-ion,180.0,563.0,177,495,5.7,200.0,CCS,2000.0,540.0,5,RWD,JD - Large,4784,1938,1623,SUV
260,95.0,Lithium-ion,180.0,1001.0,183,460,3.3,200.0,CCS,2000.0,480.0,5,AWD,JD - Large,4784,1938,1621,SUV
230,82.3,Lithium-ion,216.0,410.0,164,495,4.8,195.0,CCS,0.0,407.0,5,RWD,F - Luxury,4963,1966,1379,Sedan
230,82.3,Lithium-ion,216.0,585.0,172,490,4.6,195.0,CCS,0.0,407.0,5,AWD,F - Luxury,4963,1966,1379,Sedan
220,97.0,Lithium-ion,396.0,610.0,188,510,4.7,281.0,CCS,0.0,446.0,5,AWD,F - Luxury,4974,1967,1409,Station/Estate
230,97.0,Lithium-ion,396.0,610.0,175,565,4.6,281.0,CCS,0.0,407.0,5,AWD,F - Luxury,4963,1966,1379,Sedan
250,82.3,Lithium-ion,216.0,695.0,174,490,3.7,195.0,CCS,0.0,407.0,5,AWD,F - Luxury,4963,1966,1379,Sedan
240,97.0,Lithium-ion,396.0,710.0,188,510,3.8,281.0,CCS,0.0,446.0,5,AWD,F - Luxury,4974,1967,1409,Station/Estate
250,97.0,Lithium-ion,396.0,710.0,177,565,3.7,281.0,CCS,0.0,407.0,5,AWD,F - Luxury,4963,1966,1379,Sedan
250,97.0,Lithium-ion,396.0,710.0,186,510,3.7,281.0,CCS,0.0,446.0,5,AWD,F - Luxury,4963,1966,1390,Station/Estate
250,82.3,Lithium-ion,216.0,695.0,183,440,3.7,195.0,CCS,0.0,446.0,5,AWD,F - Luxury,4963,1966,1390,Station/Estate
250,97.0,Lithium-ion,396.0,790.0,176,535,3.3,281.0,CCS,0.0,366.0,5,AWD,F - Luxury,4963,1966,1381,Sedan
250,97.0,Lithium-ion,396.0,790.0,185,505,3.3,281.0,CCS,0.0,405.0,5,AWD,F - Luxury,4963,1966,1392,Station/Estate
230,97.0,Lithium-ion,396.0,420.0,168,575,4.8,281.0,CCS,0.0,407.0,5,RWD,F - Luxury,4963,1966,1379,Sedan
230,97.0,Lithium-ion,396.0,420.0,176,530,4.8,281.0,CCS,0.0,446.0,5,RWD,F - Luxury,4963,1966,1390,Station/Estate
230,82.3,Lithium-ion,216.0,410.0,173,460,4.8,195.0,CCS,0.0,446.0,5,RWD,F - Luxury,4963,1966,1390,Station/Estate
260,97.0,Lithium-ion,396.0,940.0,174,535,2.7,281.0,CCS,0.0,366.0,5,AWD,F - Luxury,4963,1966,1379,Sedan
250,97.0,Lithium-ion,396.0,940.0,188,495,2.8,281.0,CCS,0.0,405.0,5,AWD,F - Luxury,4974,1967,1412,Station/Estate
290,97.0,Lithium-ion,396.0,1340.0,184,475,2.3,281.0,CCS,0.0,326.0,5,AWD,F - Luxury,4968,1966,1378,Sedan
305,97.0,Lithium-ion,396.0,1340.0,180,475,2.2,281.0,CCS,0.0,367.0,2,AWD,F - Luxury,4968,1966,1378,Sedan
260,97.0,Lithium-ion,396.0,1110.0,174,525,2.4,281.0,CCS,0.0,366.0,5,AWD,F - Luxury,4963,1966,1378,Sedan
250,97.0,Lithium-ion,396.0,1110.0,188,485,2.5,281.0,CCS,0.0,405.0,5,AWD,F - Luxury,4974,1967,1407,Station/Estate
260,97.0,Lithium-ion,396.0,1110.0,183,505,2.4,281.0,CCS,0.0,405.0,5,AWD,F - Luxury,4963,1966,1388,Station/Estate
260,97.0,Lithium-ion,396.0,940.0,184,505,2.7,281.0,CCS,0.0,405.0,5,AWD,F - Luxury,4963,1966,1392,Station/Estate
150,40.0,Lithium-ion,93.0,225.0,124,245,9.2,55.0,CCS,750.0,420.0,5,FWD,JB - Compact,4143,1796,1552,SUV
150,52.0,Lithium-ion,184.0,245.0,127,315,8.2,70.0,CCS,750.0,420.0,5,FWD,JB - Compact,4143,1796,1552,SUV
150,40.0,Lithium-ion,93.0,225.0,132,250,9.0,55.0,CCS,500.0,326.0,5,FWD,B - Compact,3922,1808,1489,Hatchback
130,40.0,Lithium-ion,93.0,215.0,129,255,12.0,,,500.0,326.0,5,FWD,B - Compact,3922,1808,1489,Hatchback
150,52.0,Lithium-ion,184.0,245.0,129,320,8.0,70.0,CCS,500.0,326.0,5,FWD,B - Compact,3922,1808,1489,Hatchback
135,45.0,Lithium-ion,216.0,245.0,158,225,12.6,50.0,CCS,1500.0,950.0,5,FWD,N - Passenger Van,4486,1860,1838,Small Passenger Van
130,45.0,Lithium-ion,216.0,245.0,170,220,13.3,50.0,CCS,1500.0,500.0,7,FWD,N - Passenger Van,4911,1860,1815,Small Passenger Van
150,60.0,Lithium-ion,288.0,250.0,125,380,10.5,88.0,CCS,500.0,440.0,5,FWD,C - Medium,4200,1860,1505,Hatchback
160,60.0,Lithium-ion,288.0,300.0,133,380,7.4,88.0,CCS,900.0,440.0,5,FWD,C - Medium,4200,1860,1505,Hatchback
150,60.0,Lithium-ion,192.0,280.0,144,340,8.6,75.0,CCS,1100.0,545.0,5,FWD,JC - Medium,4470,1864,1571,SUV
170,87.0,Lithium-ion,288.0,300.0,143,480,7.9,95.0,CCS,1100.0,545.0,5,FWD,JC - Medium,4470,1864,1571,SUV
250,102.0,Lithium-ion,216.0,900.0,192,465,4.5,126.0,CCS,1000.0,380.0,4,AWD,I - Luxury,5453,2080,1559,Coupe
160,52.0,Lithium-ion,192.0,310.0,149,310,9.0,90.0,CCS,1000.0,470.0,5,RWD,JC - Medium,4488,1884,1625,SUV
160,59.0,Lithium-ion,216.0,310.0,149,350,8.5,110.0,CCS,1000.0,470.0,5,RWD,JC - Medium,4488,1884,1625,SUV
180,77.0,Lithium-ion,288.0,545.0,145,450,6.6,120.0,CCS,1000.0,470.0,5,RWD,JC - Medium,4488,1884,1625,SUV
180,79.0,Lithium-ion,288.0,679.0,151,450,5.4,135.0,CCS,1200.0,470.0,5,AWD,JC - Medium,4488,1884,1608,SUV
160,59.0,Lithium-ion,216.0,310.0,145,360,8.1,110.0,CCS,1000.0,585.0,5,RWD,JC - Medium,4658,1879,1622,SUV
180,77.0,Lithium-ion,288.0,545.0,141,455,6.7,120.0,CCS,1000.0,585.0,5,RWD,JC - Medium,4658,1879,1622,SUV
180,77.0,Lithium-ion,288.0,679.0,150,450,6.7,120.0,CCS,1200.0,585.0,5,AWD,JC - Medium,4658,1879,1620,SUV
160,59.0,Lithium-ion,216.0,310.0,141,370,8.1,110.0,CCS,1000.0,570.0,5,RWD,JC - Medium,4658,1879,1623,SUV
180,77.0,Lithium-ion,288.0,545.0,138,470,6.7,120.0,CCS,1000.0,570.0,5,RWD,JC - Medium,4658,1879,1623,SUV
180,77.0,Lithium-ion,288.0,679.0,146,460,6.7,120.0,CCS,1200.0,570.0,5,AWD,JC - Medium,4658,1879,1621,SUV
180,79.0,Lithium-ion,288.0,679.0,143,470,5.4,135.0,CCS,1200.0,570.0,5,AWD,JC - Medium,4660,1879,1608,SUV
180,79.0,Lithium-ion,288.0,679.0,147,460,5.4,135.0,CCS,1200.0,585.0,5,AWD,JC - Medium,4660,1879,1607,SUV
150,81.0,Lithium-ion,216.0,320.0,166,390,9.6,50.0,CCS,1000.0,467.0,5,FWD,JD - Large,4720,1908,1696,SUV
150,68.0,Lithium-ion,216.0,320.0,149,330,9.6,50.0,CCS,1000.0,467.0,5,FWD,JD - Large,4720,1908,1696,SUV
180,62.0,Lithium-ion,216.0,584.0,155,325,3.9,100.0,CCS,1600.0,313.0,5,AWD,JB - Compact,4300,1822,1636,SUV
180,62.0,Lithium-ion,216.0,343.0,141,335,6.7,100.0,CCS,1600.0,323.0,5,RWD,JB - Compact,4270,1822,1636,SUV
180,47.0,Lithium-ion,216.0,343.0,152,250,6.7,65.0,CCS,0.0,323.0,5,RWD,JB - Compact,4270,1822,1636,SUV
180,62.0,Lithium-ion,216.0,343.0,148,335,6.7,100.0,CCS,1600.0,323.0,5,RWD,JB - Compact,4270,1822,1636,SUV
180,62.0,Lithium-ion,216.0,584.0,155,325,4.5,100.0,CCS,1600.0,313.0,5,AWD,JB - Compact,4300,1822,1636,SUV
180,62.0,Lithium-ion,216.0,543.0,149,335,3.7,100.0,CCS,1600.0,370.0,5,AWD,JB - Compact,4400,1844,1556,SUV
180,62.0,Lithium-ion,216.0,343.0,136,355,5.8,110.0,CCS,1600.0,370.0,5,RWD,JB - Compact,4400,1844,1556,SUV
180,47.0,Lithium-ion,216.0,343.0,145,265,5.9,65.0,CCS,0.0,370.0,5,RWD,JB - Compact,4400,1844,1556,SUV
180,62.0,Lithium-ion,216.0,343.0,143,355,5.8,110.0,CCS,1600.0,370.0,5,RWD,JB - Compact,4400,1844,1556,SUV
210,94.0,Lithium-ion,216.0,710.0,174,450,3.8,230.0,CCS,1600.0,630.0,5,AWD,JD - Large,4695,1920,1705,SUV
200,94.0,Lithium-ion,216.0,373.0,159,465,6.5,230.0,CCS,1600.0,630.0,5,RWD,JD - Large,4695,1920,1705,SUV
200,74.4,Lithium-ion,216.0,373.0,160,370,6.9,110.0,CCS,1600.0,630.0,5,RWD,JD - Large,4695,1920,1705,SUV
200,94.0,Lithium-ion,216.0,643.0,174,455,4.9,230.0,CCS,1600.0,630.0,5,AWD,JD - Large,4695,1920,1705,SUV
160,64.0,Lithium-ion,96.0,336.0,154,320,6.9,100.0,CCS,750.0,441.0,5,AWD,JC - Medium,4690,1860,1650,SUV
201,75.0,Lithium-ion,4416.0,493.0,119,525,4.4,124.0,CCS,1000.0,594.0,5,AWD,D - Large,4720,1849,1441,Sedan
201,75.0,Lithium-ion,4416.0,450.0,117,545,5.2,124.0,CCS,1000.0,594.0,5,RWD,D - Large,4720,1849,1441,Sedan
262,75.0,Lithium-ion,4416.0,741.0,142,490,3.2,124.0,CCS,0.0,594.0,5,AWD,D - Large,4720,1849,1431,Sedan
201,60.5,Lithium-ion,216.0,420.0,116,445,6.1,110.0,CCS,1000.0,594.0,5,RWD,D - Large,4720,1849,1441,Sedan
250,95.0,Lithium-ion,7920.0,430.0,150,575,3.2,140.0,CCS,1600.0,709.0,5,AWD,F - Luxury,5021,1987,1431,Liftback Sedan
282,95.0,Lithium-ion,7920.0,430.0,158,560,2.3,140.0,CCS,1600.0,709.0,5,AWD,F - Luxury,5021,1987,1431,Liftback Sedan
250,95.0,Lithium-ion,7920.0,430.0,165,485,3.9,140.0,CCS,2250.0,425.0,7,AWD,JF - Luxury,5057,1999,1680,SUV
262,95.0,Lithium-ion,7920.0,430.0,180,465,2.7,140.0,CCS,2250.0,425.0,7,AWD,JF - Luxury,5057,1999,1680,SUV
201,75.0,Lithium-ion,4416.0,493.0,132,455,4.8,124.0,CCS,1600.0,854.0,5,AWD,JD - Large,4790,1982,1624,SUV
201,75.0,Lithium-ion,4416.0,450.0,121,470,5.6,124.0,CCS,1600.0,854.0,5,RWD,JD - Large,4790,1982,1624,SUV
201,60.5,Lithium-ion,216.0,420.0,121,375,5.9,110.0,CCS,1600.0,854.0,5,RWD,JD - Large,4790,1982,1624,SUV
130,68.0,Lithium-ion,324.0,260.0,204,260,13.3,79.0,CCS,1000.0,989.0,9,FWD,N - Passenger Van,5333,1920,1890,Small Passenger Van
130,46.3,Lithium-ion,216.0,260.0,217,180,12.1,78.0,CCS,1000.0,603.0,9,FWD,N - Passenger Van,4983,1920,1890,Small Passenger Van
130,68.0,Lithium-ion,324.0,260.0,202,260,13.3,79.0,CCS,1000.0,603.0,9,FWD,N - Passenger Van,4983,1920,1890,Small Passenger Van
160,64.0,Lithium-ion,96.0,336.0,154,345,6.9,100.0,CCS,750.0,452.0,5,AWD,JC - Medium,4690,1860,1600,SUV
160,64.0,Lithium-ion,96.0,265.0,145,350,7.5,100.0,CCS,750.0,452.0,5,FWD,JC - Medium,4690,1860,1600,SUV
200,87.7,Lithium-ion,216.0,500.0,186,405,5.9,120.0,CCS,1800.0,376.0,5,AWD,JD - Large,4750,1934,1667,SUV
200,87.7,Lithium-ion,216.0,620.0,196,400,5.5,120.0,CCS,1800.0,376.0,5,AWD,JD - Large,4750,1934,1667,SUV
160,86.0,Lithium-ion,312.0,560.0,182,350,6.5,145.0,CCS,1600.0,1340.0,7,AWD,N - Passenger Van,4960,1985,1927,Small Passenger Van
160,86.0,Lithium-ion,312.0,560.0,190,370,7.9,145.0,CCS,1000.0,1340.0,7,RWD,N - Passenger Van,4962,1985,1924,Small Passenger Van
160,79.0,Lithium-ion,288.0,560.0,194,330,6.5,135.0,CCS,1800.0,1121.0,6,AWD,N - Passenger Van,4712,1985,1925,Small Passenger Van
160,79.0,Lithium-ion,288.0,560.0,187,360,7.6,135.0,CCS,1200.0,1121.0,6,RWD,N - Passenger Van,4712,1985,1927,Small Passenger Van
145,59.0,Lithium-ion,216.0,310.0,178,275,10.7,110.0,CCS,1000.0,1121.0,6,RWD,N - Passenger Van,4712,1985,1927,Small Passenger Van
180,79.0,Lithium-ion,288.0,545.0,131,470,5.9,135.0,CCS,0.0,385.0,5,RWD,C - Medium,4322,1809,1538,Hatchback
200,79.0,Lithium-ion,288.0,545.0,131,465,5.6,135.0,CCS,0.0,385.0,5,RWD,C - Medium,4322,1809,1538,Hatchback
160,59.0,Lithium-ion,216.0,310.0,136,365,7.6,110.0,CCS,0.0,385.0,5,RWD,C - Medium,4264,1809,1564,Hatchback
160,77.0,Lithium-ion,288.0,310.0,138,465,7.1,120.0,CCS,0.0,385.0,5,RWD,C - Medium,4264,1809,1564,Hatchback
160,52.0,Lithium-ion,192.0,310.0,134,325,8.2,90.0,CCS,0.0,385.0,5,RWD,C - Medium,4264,1809,1564,Hatchback
180,77.0,Lithium-ion,288.0,679.0,152,420,5.4,120.0,CCS,1200.0,543.0,5,AWD,JC - Medium,4584,1852,1631,SUV
180,77.0,Lithium-ion,288.0,545.0,149,445,6.7,120.0,CCS,1000.0,543.0,5,RWD,JC - Medium,4584,1852,1631,SUV
180,77.0,Lithium-ion,288.0,679.0,155,435,6.6,120.0,CCS,1200.0,543.0,5,AWD,JC - Medium,4584,1852,1631,SUV
160,52.0,Lithium-ion,192.0,310.0,143,285,9.0,87.0,CCS,1000.0,543.0,5,RWD,JC - Medium,4584,1852,1640,SUV
180,77.0,Lithium-ion,288.0,679.0,144,430,5.5,120.0,CCS,1200.0,549.0,5,AWD,JC - Medium,4599,1852,1615,SUV
180,77.0,Lithium-ion,288.0,545.0,138,460,6.7,120.0,CCS,1000.0,549.0,5,RWD,JC - Medium,4599,1852,1615,SUV
160,52.0,Lithium-ion,288.0,310.0,142,320,8.9,87.0,CCS,1000.0,549.0,5,RWD,JC - Medium,4599,1852,1615,SUV
180,86.0,Lithium-ion,312.0,560.0,145,500,5.4,145.0,CCS,1200.0,532.0,5,AWD,E - Executive,4961,1862,1536,Liftback Sedan
180,77.0,Lithium-ion,288.0,550.0,132,475,6.5,125.0,CCS,1000.0,532.0,5,RWD,E - Executive,4961,1862,1536,Liftback Sedan
180,86.0,Lithium-ion,312.0,550.0,133,525,6.6,145.0,CCS,1000.0,532.0,5,RWD,E - Executive,4961,1862,1536,Liftback Sedan
180,86.0,Lithium-ion,312.0,560.0,147,500,5.5,145.0,CCS,1200.0,605.0,5,AWD,E - Executive,4961,1862,1536,Station/Estate
180,77.0,Lithium-ion,288.0,550.0,146,470,6.6,125.0,CCS,1000.0,605.0,5,RWD,E - Executive,4961,1862,1536,Station/Estate
180,86.0,Lithium-ion,312.0,550.0,125,520,6.7,145.0,CCS,1000.0,605.0,5,RWD,E - Executive,4961,1862,1536,Station/Estate
180,67.0,Lithium-ion,216.0,420.0,151,360,7.3,110.0,CCS,1500.0,404.0,5,RWD,JC - Medium,4440,1873,1596,SUV
180,79.0,Lithium-ion,324.0,420.0,146,420,7.3,125.0,CCS,1500.0,404.0,5,RWD,JC - Medium,4440,1873,1596,SUV
180,79.0,Lithium-ion,324.0,670.0,155,400,4.8,125.0,CCS,1800.0,404.0,5,AWD,JC - Medium,4440,1873,1596,SUV
180,79.0,Lithium-ion,324.0,670.0,155,400,4.6,125.0,CCS,1800.0,404.0,5,AWD,JC - Medium,4440,1873,1596,SUV
180,88.0,Lithium-ion,216.0,480.0,135,485,6.9,190.0,CCS,1600.0,446.0,5,RWD,F - Luxury,5000,1942,1546,Liftback Sedan
180,102.0,Lithium-ion,216.0,670.0,146,530,5.5,225.0,CCS,2000.0,446.0,5,AWD,F - Luxury,5000,1942,1546,Liftback Sedan
180,102.0,Lithium-ion,216.0,870.0,146,530,4.0,225.0,CCS,2000.0,446.0,5,AWD,F - Luxury,5000,1942,1546,Liftback Sedan
180,65.0,Lithium-ion,216.0,543.0,152,330,3.7,114.0,CCS,1600.0,318.0,5,AWD,JB - Compact,4233,1837,1573,SUV
180,49.0,Lithium-ion,216.0,343.0,147,275,5.7,80.0,CCS,1000.0,318.0,5,RWD,JB - Compact,4233,1837,1549,SUV
180,65.0,Lithium-ion,216.0,343.0,138,365,5.3,113.0,CCS,1600.0,318.0,5,RWD,JB - Compact,4233,1837,1549,SUV
180,65.0,Lithium-ion,216.0,543.0,145,340,3.6,113.0,CCS,1600.0,318.0,5,AWD,JB - Compact,4233,1837,1549,SUV
180,67.0,Lithium-ion,216.0,420.0,154,345,7.3,110.0,CCS,1500.0,410.0,5,RWD,JC - Medium,4440,1863,1652,SUV
180,79.0,Lithium-ion,324.0,420.0,152,400,7.3,125.0,CCS,1500.0,410.0,5,RWD,JC - Medium,4440,1863,1652,SUV
180,79.0,Lithium-ion,324.0,670.0,163,385,4.8,125.0,CCS,1800.0,410.0,5,AWD,JC - Medium,4440,1863,1652,SUV
180,79.0,Lithium-ion,324.0,670.0,163,385,4.6,125.0,CCS,1800.0,410.0,5,AWD,JC - Medium,4440,1863,1652,SUV
180,100.0,Lithium-ion,192.0,490.0,182,460,8.4,140.0,CCS,1200.0,310.0,7,RWD,JF - Luxury,5037,1964,1744,SUV
180,107.0,Lithium-ion,204.0,770.0,188,470,5.9,150.0,CCS,2200.0,310.0,7,AWD,JF - Luxury,5037,1964,1744,SUV
180,107.0,Lithium-ion,204.0,910.0,188,455,4.9,150.0,CCS,2200.0,310.0,7,AWD,JF - Luxury,5037,1964,1744,SUV
200,100.0,Lithium-ion,216.0,720.0,200,480,4.4,80.0,CCS,2000.0,550.0,5,AWD,JE - Executive,4905,1950,1645,SUV
200,87.5,Lithium-ion,216.0,660.0,159,475,4.1,180.0,CCS,1500.0,571.0,5,AWD,JD - Large,4753,1920,1650,SUV
200,87.5,Lithium-ion,216.0,440.0,154,480,6.7,180.0,CCS,1500.0,571.0,5,RWD,JD - Large,4753,1920,1650,SUV
200,66.0,Lithium-ion,216.0,440.0,152,370,6.9,140.0,CCS,1500.0,571.0,5,RWD,JD - Large,4753,1920,1650,SUV
200,93.1,Lithium-ion,216.0,717.0,179,465,3.9,224.0,CCS,1500.0,660.0,5,AWD,JE - Executive,4891,1937,1670,SUV
200,93.1,Lithium-ion,216.0,430.0,163,480,6.4,224.0,CCS,1500.0,660.0,5,RWD,JE - Executive,4891,1937,1670,SUV
200,75.8,Lithium-ion,216.0,430.0,165,395,6.4,170.0,CCS,1500.0,660.0,5,RWD,JE - Executive,4891,1937,1680,SUV
200,82.7,Lithium-ion,216.0,757.0,164,460,4.1,138.0,CCS,0.0,440.0,5,AWD,E - Executive,4888,1896,1450,Sedan
200,82.7,Lithium-ion,216.0,440.0,144,495,6.7,138.0,CCS,0.0,440.0,5,RWD,E - Executive,4888,1896,1450,Sedan
200,82.7,Lithium-ion,216.0,757.0,164,455,4.1,138.0,CCS,0.0,440.0,5,AWD,E - Executive,4888,1896,1450,Sedan
200,94.0,Lithium-ion,110.0,343.0,152,505,7.2,135.0,CCS,1500.0,539.0,5,RWD,E - Executive,4955,1999,1560,Liftback Sedan
200,94.0,Lithium-ion,110.0,686.0,159,480,3.8,135.0,CCS,2000.0,539.0,5,AWD,E - Executive,4955,1999,1560,Liftback Sedan
200,94.0,Lithium-ion,110.0,686.0,162,480,3.8,135.0,CCS,2000.0,539.0,5,AWD,E - Executive,4955,1999,1548,Liftback Sedan
210,94.0,Lithium-ion,216.0,440.0,153,475,6.0,260.0,CCS,2000.0,539.0,5,RWD,JD - Large,4787,1930,1650,SUV
210,94.0,Lithium-ion,216.0,710.0,173,450,3.8,260.0,CCS,2000.0,539.0,5,AWD,JD - Large,4787,1930,1650,SUV
210,71.0,Lithium-ion,216.0,440.0,148,365,6.0,240.0,CCS,2000.0,539.0,5,RWD,JD - Large,4787,1930,1650,SUV
190,49.0,Lithium-ion,216.0,343.0,148,265,5.9,70.0,CCS,1600.0,362.0,5,RWD,JB - Compact,4432,1836,1566,SUV
190,65.0,Lithium-ion,216.0,343.0,146,360,5.6,114.0,CCS,1600.0,362.0,5,RWD,JB - Compact,4432,1836,1566,SUV
190,65.0,Lithium-ion,216.0,543.0,153,350,3.8,114.0,CCS,1600.0,362.0,5,AWD,JB - Compact,4432,1836,1566,SUV
150,41.2,Lithium-ion,112.0,200.0,125,250,8.1,65.0,CCS,0.0,404.0,5,RWD,B - Compact,4003,1885,1557,Hatchback
